Rank,App Name,App Package Name,Subgenre,Downloads,Cumulative Downloads,Paid Downloads,Organic Downloads,Active Users,Install Base,Avg Session per User,Avg Session Duration,Avg time per User,Avg Active Days,gender,Tier
1,SHEIN-Fashion Shopping Online,com.zzkko,E-Commerce (Retailer),8674918,58979264,4553276,4121642,19157963,19458615,17.2,00:02:36,00:44:46,4.01,mulheres,Quatro
2,Shopee: Compre de Tudo Online,com.shopee.br,E-Commerce (C2C),8296586,105019350,4211815,4084771,44589200,50834439,48.78,00:02:16,01:51:18,6.8,mulheres,Quatro
3,Mercado Libre: Compras Online,com.mercadolibre,E-Commerce (C2C),4053985,133318302,1284307,2769678,41144943,48367758,34.01,00:01:53,01:04:14,7.58,homens,Quatro
4,Magalu: loja e compras online,com.luizalabs.mlapp,E-Commerce (B2C),2892347,93231708,1447766,1444581,21192916,26066096,15.76,00:01:15,00:19:57,4.48,mulheres,Quatro
5,Americanas: compras online,com.b2w.americanas,E-Commerce (B2C),2834579,91986977,1526138,1308441,23795465,29132183,12.97,00:01:21,00:17:39,3.96,mulheres,Quatro
6,Amazon Shopping,com.amazon.mShop.android.shopping,E-Commerce (B2C),2804209,33919950,1349183,1455026,19012526,29321526,15.99,00:01:34,00:25:16,5.32,homens,Quatro
7,Casas Bahia: Compras Online,com.novapontocom.casasbahia,E-Commerce (B2C),2370932,60050891,1187070,1183862,10986033,13233512,12.67,00:00:59,00:12:28,3.5,mulheres,Quatro
8,AliExpress,com.alibaba.aliexpresshd,E-Commerce (B2C),2068714,81161699,1136938,931776,20700695,24957217,31.67,00:02:06,01:06:34,6.59,homens,Quatro
9,OLX - Venda e Compra Online,com.schibsted.bomnegocio.androidApp,Resell,1889317,119545599,953558,935759,18685367,23727485,36.65,00:02:01,01:14:27,6.45,homens,Quatro
10,O Boticário,com.boticario.mobile,E-Commerce (Retailer),1577250,15548435,472182,1105068,2867351,4054667,6.15,00:02:28,00:15:10,2.79,mulheres,Quatro
11,MadeiraMadeira: compras online,br.com.madeiramadeira,E-Commerce (Retailer),1270765,3522725,661631,609134,295906,746182,7.23,00:02:22,00:17:12,2.26,mulheres,Quatro
12,enjoei: comprar e vender roupa,br.com.enjoei.app,E-Commerce (Retailer),1266706,29732426,665309,601397,4574141,5638184,20,00:01:27,00:29:13,3.22,mulheres,Quatro
13,Netshoes: Loja de Esportes,br.com.netshoes.app,E-Commerce (Retailer),1245353,35595433,645128,600225,5495372,9311640,9.3,00:01:50,00:17:11,3.48,homens,Quatro
14,Alibaba.com - B2B marketplace,com.alibaba.intl.android.apps.poseidon,Other Shopping,1009985,15221023,568367,441618,1036349,2270358,5.71,00:02:26,00:13:53,2.23,homens,Quatro
15,Ponto: Compra Online e Ofertas,com.sonyericsson.pontofrio,E-Commerce (B2C),965295,23428361,530171,435124,2404826,5032218,8.4,00:00:52,00:07:24,2.55,mulheres,Quatro
16,Zattini: Loja de roupas online,br.com.zattini,E-Commerce (B2C),913322,15645543,464250,449072,1866690,2441775,10.26,00:01:36,00:16:35,3.15,mulheres,Quatro
17,Shoptime: Compras online,com.b2w.shoptime,E-Commerce (B2C),856357,25832358,425687,430670,2805321,6266009,7.9,00:01:11,00:09:27,2.7,mulheres,Quatro
18,Lojas Renner - Comprar Roupas,br.com.lojasrenner,E-Commerce (Retailer),849618,27211160,472161,377457,5173413,7500135,11.29,00:01:39,00:18:40,4.03,mulheres,Quatro
19,Natura: perfumes e cosméticos,net.natura.semprepresente,E-Commerce (Retailer),796790,10173462,456969,339821,1216553,1942984,15.4,00:01:25,00:21:55,3.86,mulheres,Quatro
20,Época Cosméticos e Maquiagens,com.mobfiq.epocacosmeticos,E-Commerce (B2C),778081,6037404,434230,343851,421845,957076,6.77,00:02:24,00:16:16,3.18,mulheres,Quatro
21,Centauro: loja de esportes,br.com.sbf.centauro,E-Commerce (B2C),721284,17940965,395842,325442,2184815,5043200,9.44,00:01:14,00:11:39,3.33,homens,Quatro
22,Riachuelo – Compre pelo app,br.com.riachuelo.app,E-Commerce (Retailer),679093,18232637,348921,330172,2250659,4394996,7.24,00:01:25,00:10:16,2.72,mulheres,Quatro
23,Wish: Shop And Save,com.contextlogic.wish,E-Commerce (C2C),645028,81950657,313465,331563,5034939,11817013,9.15,00:02:22,00:21:43,2.91,mulheres,Quatro
24,Drogasil: Drogaria Online 24h,br.com.drogasil,Pharmacy & Drugstore,639020,6737496,317581,321439,2804969,4116981,7.92,00:01:24,00:11:13,2.42,mulheres,Quatro
25,Beleza na Web: Cosméticos,br.com.belezanaweb.android,E-Commerce (B2C),611920,6490111,232871,379049,304119,1026664,9.05,00:02:03,00:18:36,3.28,mulheres,Quatro
26,C&A Pay,br.com.cea.mobile.ceapay,BNPL,609209,1989798,186032,423177,375810,553253,6.41,00:01:26,00:09:16,2.54,mulheres,Quatro
27,Havan,com.artech.eaplic.havan,E-Commerce (B2C),581975,13062276,0,581975,1333685,2351950,9.17,00:01:37,00:14:56,2.74,mulheres,Quatro
28,Droga Raia - Farmácia 24 horas,br.com.drogaraia,Pharmacy & Drugstore,579825,5299345,301049,278776,2679727,3473773,8.75,00:01:45,00:15:19,2.51,mulheres,Quatro
29,Cobasi,com.root.cobasi.Activities,E-Commerce (Retailer),570925,3006917,309501,261424,393492,1360963,8.09,00:01:30,00:12:13,2.35,mulheres,Quatro
30,Submarino: Compras Online,com.b2w.submarino,E-Commerce (B2C),534417,26578077,303801,230616,3198037,8380404,9.88,00:00:52,00:08:43,3.13,homens,Quatro
31,Extra: Loja Online e Ofertas,com.novapontocom.extra,E-Commerce (B2C),524934,20473478,242617,282317,2400034,5786612,6.03,00:00:59,00:05:59,2.49,mulheres,Quatro
32,Apcap da Sorte,br.com.apcapsp.app,Coupons & Rewards,507883,2273978,259796,248087,78636,357314,7.86,00:01:08,00:09:01,2.83,mulheres,tres
33,"Loja C&A: Roupas, Sapatos e +",br.com.cea.appb2c,E-Commerce (Retailer),501873,22256144,269321,232552,2186206,4590966,7.98,00:01:53,00:15:07,2.78,mulheres,Quatro
34,Decathlon: Loja de Esportes,br.com.decathlon,E-Commerce (Retailer),494776,3390606,245555,249221,215533,1496719,4.06,00:01:39,00:06:45,1.68,homens,tres
35,Marisa: Moda e Comprar Roupas,br.com.marisa.android,E-Commerce (Retailer),482922,12442015,256559,226363,1741080,2383855,9.31,00:02:05,00:19:31,3.6,mulheres,Quatro
36,PatPat - Kids & Baby Clothing,com.interfocusllc.patpat,E-Commerce (Retailer),472191,1736657,120723,351468,299204,301838,5.17,00:03:53,00:20:08,1.72,mulheres,Quatro
37,Petz: Pet shop Online,br.com.petz,E-Commerce (B2C),465386,6649617,240942,224444,1585552,3218831,7.01,00:01:27,00:10:11,2.35,mulheres,Quatro
38,Méliuz: Cashback e Cartão,br.com.meliuz,Coupons & Rewards,441550,12602132,139883,301667,3284272,5326207,13.29,00:01:15,00:16:42,4.67,homens,Quatro
39,Tok&Stok: Móveis e Decoração,com.tokstok.app,E-Commerce (Retailer),419879,2739521,135706,284173,190974,714589,5.14,00:02:22,00:12:13,2.24,mulheres,tres
40,Urbanic - Fashion from London,com.urbanic.multis,E-Commerce (Retailer),413940,4197595,206475,207465,343183,1104637,6.88,00:02:31,00:17:20,2.44,mulheres,Quatro
41,Livelo: juntar e trocar pontos,br.com.livelo.app,Coupons & Rewards,402254,5913023,162496,239758,2061307,4262003,8.48,00:01:25,00:12:01,2.71,homens,Quatro
42,Pernambucanas,br.com.pernambucanas.varejo.android,E-Commerce (Retailer),368032,6925101,18212,349820,160552,775010,4.89,00:01:49,00:08:53,2.12,mulheres,tres
43,Loja Online Samsung,com.samsung.shop,E-Commerce (Retailer),359376,960989,133705,225671,536022,4438723,3.93,00:01:50,00:07:12,1.68,mulheres,Quatro
44,Revendedor O Boticário,br.com.grupoboticario.boticariorepresentante,E-Commerce (C2C),357271,3916058,0,357271,223389,793305,25.38,00:01:20,00:33:53,5.41,mulheres,Quatro
45,Leroy Merlin Brasil,br.com.leroymerlin,E-Commerce (B2C),337901,4628648,145994,191907,133502,1294390,5.38,00:02:12,00:11:53,2.18,homens,tres
46,adidas,com.adidas.app,E-Commerce (Retailer),332071,3172696,170346,161725,132345,840888,5.98,00:01:49,00:10:56,2.81,homens,tres
47,Stix,br.com.soustix.app,Coupons & Rewards,327268,1504248,122439,204829,145054,1192754,4.92,00:00:50,00:04:08,1.9,mulheres,tres
49,"Dafiti: roupas, sapatos, decor",br.com.dafiti,E-Commerce (B2C),321264,27508733,80098,241166,3005423,4838305,11.15,00:01:38,00:18:20,3.25,mulheres,Quatro
50,Pão de Açúcar Mais,br.com.paodeacucarmais,Coupons & Rewards,319560,4487700,164515,155045,2506095,4032333,9.08,00:01:34,00:14:21,3.2,mulheres,Quatro
51,CrmBonus,com.br.crmbonus.app,Coupons & Rewards,291987,332582,20408,271579,146028,155483,2.94,00:00:43,00:02:07,1.65,homens,tres
52,Cuponomia: Cupons e Cashback,com.cuponomia,Coupons & Rewards,287065,1866700,79389,207676,242254,799656,11.19,00:00:29,00:05:31,3.07,mulheres,Quatro
53,Minha Avon - Representante da ,br.com.avon.mobile_commerce,E-Commerce (Retailer),275328,3555923,86616,188712,212100,660880,29.46,00:01:32,00:45:25,5.84,mulheres,tres
54,Ganhe Dinheiro Clicando,ganhedinheirocliqueeganhe.blogspot.com,Coupons & Rewards,260864,1344094,0,260864,50402,118760,23.61,00:01:25,00:33:33,2.21,homens,tres
55,Arezzo,br.com.arezzo,E-Commerce (Retailer),256674,1653878,125676,130998,87922,199326,7.52,00:01:32,00:11:37,2.94,mulheres,tres
56,"Zoom: Compare preços, Cashback",com.zoom.zoomandroid,Coupons & Rewards,255990,36789225,150114,105876,3239836,7152920,8.21,00:00:57,00:07:52,3.23,homens,Quatro
57,CASA & VIDEO,com.root.casaevideov3.Activities,E-Commerce (Retailer),253954,1753393,88638,165316,99030,462374,5.49,00:02:10,00:11:56,2.24,homens,tres
58,Reserva,com.usereserva,E-Commerce (Retailer),245832,610165,137665,108167,27648,136482,4.66,00:02:06,00:09:50,1.73,homens,dois
59,Posthaus: 15% Extra só no App,br.com.supero.posthaus.site,E-Commerce (Retailer),243941,5457273,133928,110013,266842,1088104,10.49,00:03:07,00:32:50,3.49,mulheres,Quatro
60,Dotz: conta digital,br.com.dotz.dotzpay,Coupons & Rewards,239543,2719760,144685,94858,110923,1671876,11.58,00:01:08,00:13:13,2.76,mulheres,tres
62,"Buscapé: Menor preço, Cashback",br.com.buscape.MainPack,Other Shopping,236778,29785566,126698,110080,1604701,4886449,7.43,00:00:53,00:06:36,2.63,homens,Quatro
63,Elo7: Produtos Personalizados,br.com.elo7.appbuyer,E-Commerce (C2C),235469,5074994,136861,98608,361705,1215128,10.97,00:01:37,00:17:46,3.36,mulheres,Quatro
64,Petlove - O app do seu pet,br.com.petlove.petlove,E-Commerce (B2C),235278,4917801,125865,109413,424288,1813842,7.86,00:01:15,00:09:50,2.52,mulheres,Quatro
65,Loja do Mecânico,br.com.gurgelmix.lojadomecanico_app,E-Commerce (B2C),215965,1843318,58822,157143,185151,863342,10.39,00:01:39,00:17:12,3.65,homens,tres
66,abastece-aí: cashback e mais!,com.gigigo.ipirangaconectcar,Coupons & Rewards,212347,10095560,0,212347,2470404,6757878,10.02,00:01:03,00:10:35,3.41,homens,Quatro
67,Representante Eudora,br.com.eudora.apprepresentante,E-Commerce (Retailer),197017,1947082,0,197017,44218,325289,25.87,00:00:50,00:21:46,4.61,mulheres,tres
68,Flash App Benefícios,br.com.flashapp,Coupons & Rewards,196755,700364,111200,85555,493554,609989,10.64,00:00:47,00:08:20,5.2,homens,Quatro
69,Polishop: Presentes de Natal,br.com.projetopolishop.mobile,E-Commerce (B2C),190113,2258478,101535,88578,75784,544663,3.3,00:01:34,00:05:11,1.95,mulheres,tres
70,Fast Shop,br.com.fastshop.ecommerce.beta,E-Commerce (Retailer),181399,4061847,103898,77501,163864,1761142,3.78,00:01:52,00:07:04,2.54,homens,tres
71,TapTon (extensão do Ton),app.openmpos.stone.tapton,Resell,176426,261941,113102,63324,40702,117407,9.16,00:00:13,00:02:00,1.81,homens,tres
72,Promobit: Promoções e Cupons,br.com.promobit.app,Coupons & Rewards,174888,1938171,74402,100486,525769,1545887,36.71,00:00:56,00:34:48,8.08,homens,Quatro
73,Singu - Delivery de beleza e b,br.com.singu,E-Commerce (Retailer),174717,855322,53337,121380,25643,67978,2.18,00:00:52,00:01:53,1.11,mulheres,dois
74,Camicado,br.com.camicado.mobile,E-Commerce (Retailer),171405,905412,107319,64086,138852,329767,6.92,00:01:57,00:13:30,3.17,mulheres,tres
75,Zara,com.inditex.zara,E-Commerce (Retailer),163302,1640607,2709,160593,97602,229432,4.69,00:03:04,00:14:23,2.4,mulheres,tres
76,Privalia: Maior Outlet Online,com.privalia.br,E-Commerce (Retailer),163060,3986385,7150,155910,348290,1803794,18.51,00:02:49,00:52:09,5.1,mulheres,Quatro
77,Multi: Descontos nos Shoppings,br.com.multiplan.mind.multishopping,Coupons & Rewards,162729,1241744,56175,106554,121043,971716,4.96,00:01:35,00:07:56,1.88,mulheres,tres
78,Le biscuit: Comprar online,br.com.lebiscuit,E-Commerce (B2C),161533,1578443,96587,64946,35492,243270,6.82,00:02:12,00:15:02,2.64,mulheres,dois
79,Zapay: IPVA e Licenciamento,br.com.usezapay.app,BNPL,152185,475060,11890,140295,28141,105678,9.82,00:01:06,00:10:54,1.88,homens,dois
80,FARM,br.com.farmrio.app,E-Commerce (Retailer),151999,321874,52795,99204,55689,80506,11.5,00:01:14,00:14:13,3.32,mulheres,tres
81,KaBuM! Compre Online,br.com.kabum.webviewapp,E-Commerce (Retailer),151208,2620309,88805,62403,634226,2949661,14.17,00:01:01,00:14:29,4.13,homens,Quatro
82,Farmácias APP: Drogaria online,com.pharmacysa.farmaciasapp,Pharmacy & Drugstore,145085,839619,65912,79173,68732,166053,4.27,00:02:36,00:11:06,1.58,mulheres,tres
83,Catálogos Hiroshima - HiroApp,com.hiro.hiroapp.hiroshimasd,Other Shopping,142499,863922,73707,68792,18712,118662,11.53,00:01:45,00:20:13,2.26,mulheres,dois
85,SCHUTZ,br.com.arezzo.schutz,E-Commerce (Retailer),139112,1535295,57184,81928,47316,206962,5.49,00:01:12,00:06:39,2.1,mulheres,tres
86,Tenda Atacado,com.root.tendadrive.Activities,Other Shopping,136668,1087514,37923,98745,22349,277868,6.41,00:02:19,00:14:54,2.25,mulheres,dois
87,Lojas Torra - Compre online,br.com.app.torra,E-Commerce (Retailer),136628,1390966,47428,89200,72489,416033,5.92,00:01:32,00:09:05,2.74,mulheres,tres
88,Drogaria São Paulo,br.com.app.meuvivasaude.descontos,Pharmacy & Drugstore,133040,1939502,0,133040,325169,1342250,7.8,00:01:15,00:09:48,2.37,mulheres,Quatro
89,Clube Extra,br.com.clubeextra,Coupons & Rewards,128731,9535171,66366,62365,376388,4452972,8.39,00:01:27,00:12:17,2.81,homens,Quatro
90,Panvel Farmácia e Perfumaria,br.com.dimed.panvel,Pharmacy & Drugstore,128126,1494422,67584,60542,134285,731183,12.7,00:01:11,00:15:08,3.01,homens,tres
91,Farmácias São João - Delivery,br.com.saojoaofarmacias.app,Pharmacy & Drugstore,125296,588069,73396,51900,52226,200833,6.98,00:00:57,00:06:43,2.12,homens,tres
92,Banggood - Online Shopping,com.banggood.client,E-Commerce (B2C),125030,8182236,65106,59924,248551,3416526,7.88,00:01:55,00:15:12,3.12,homens,Quatro
93,hibobi-Kids Fashion Online,com.hibobi.store,E-Commerce (Retailer),119133,407996,35774,83359,54574,61385,13.48,00:03:02,00:41:01,2.97,mulheres,tres
95,Kopenhagen: Chocolates e Cafés,br.com.kopenhagen,E-Commerce (Retailer),101098,287099,21035,80063,73451,143260,6.32,00:01:22,00:08:40,2.6,mulheres,tres
96,Tricae - Loja Online de Roupas,br.com.tricae,E-Commerce (Retailer),98644,5383753,55303,43341,40459,406460,15.82,00:01:51,00:29:17,3,mulheres,dois
97,Bemol,com.bemol.commerce.android.apps.mobile,E-Commerce (Retailer),96826,1767344,57005,39821,80293,296419,10.58,00:02:30,00:26:31,3.59,homens,tres
98,AMARO: Comprar Moda e Beleza,amaro.amaroandroid,E-Commerce (Retailer),95912,2104467,59380,36532,86133,261278,8.55,00:01:31,00:13:03,2.99,mulheres,tres
99,Novo Mundo,com.kobe.novoMundo,E-Commerce (B2C),91351,544831,1331,90020,51187,147746,6.49,00:01:59,00:12:56,2.39,mulheres,tres
100,Anacapri,br.com.anacapri,E-Commerce (Retailer),89700,422346,42873,46827,45683,108524,16.2,00:01:53,00:30:41,3.43,mulheres,tres
101,eBay Shop: Buying & Selling,com.ebay.mobile,E-Commerce (C2C),87456,4980539,45770,41686,313826,2406324,18.01,00:01:39,00:29:56,3.55,homens,Quatro
102,Mobly Decorações de M Maneiras,com.mobly,E-Commerce (B2C),85941,3656134,34707,51234,79216,1121933,4.84,00:01:56,00:09:24,2.04,mulheres,tres
104,Made-in-China B2B Trade Online,com.madeinchina.b2b.trade,E-Commerce (C2C),80996,479274,46299,34697,12044,88666,4.02,00:02:10,00:08:45,1.57,homens,unico
105,Kit Escolar DUEPAY,com.duepay.kit_escolar_app,Other Shopping,79776,879279,0,79776,49548,454881,16.67,00:01:41,00:28:07,3.09,mulheres,tres
106,Pechinchou Promoções e Ofertas,br.com.pechinchou.pechinchou,Coupons & Rewards,78871,285222,46190,32681,14370,124202,7.65,00:01:33,00:11:53,2.82,homens,dois
108,Menor Preço,br.gov.pr.celepar.sefa.mp,Other Shopping,73686,1598499,47926,25760,223515,851337,10.84,00:00:40,00:07:14,2.69,mulheres,Quatro
109,Sodimac: Hogar y Construcción,cl.sodimac,E-Commerce (B2C),72815,355866,38758,34057,76875,227089,21.32,00:01:06,00:23:32,3.84,mulheres,tres
111,Drogarias Pacheco,br.com.app.meuvivasaude.descontos.pacheco,Pharmacy & Drugstore,71383,1109971,41750,29633,107741,938023,7.42,00:01:40,00:12:28,2.59,homens,tres
112,Avon - Loja de Beleza Brasil,com.avon.br.b2c.store,E-Commerce (Retailer),71307,378139,0,71307,28306,84776,7.1,00:02:47,00:19:47,2.02,mulheres,dois
113,iHerb,com.iherb,E-Commerce (B2C),62583,470201,36673,25910,102240,319036,24.69,00:02:18,00:56:48,3.84,homens,tres
115,Drogaria Araujo,com.araujo.araujoapp,Pharmacy & Drugstore,61737,846364,35698,26039,75257,509880,9.22,00:01:13,00:11:19,2.54,mulheres,tres
116,Hering,br.com.hering,E-Commerce (Retailer),60757,591873,0,60757,40085,190511,10.42,00:01:19,00:13:46,2.37,mulheres,dois
118,Tiendeo - Deals & Weekly Ads,com.geomobile.tiendeo,Coupons & Rewards,59062,2336408,33638,25424,39876,280705,9.52,00:01:55,00:18:15,3.74,homens,dois
121,Farmácia Preço Popular,com.mobfiq.precopopular,Pharmacy & Drugstore,58811,231435,32170,26641,17214,94009,6.85,00:01:45,00:12:02,1.95,homens,dois
122,Lojas Pompéia – Moda Fashion,pompeia.com.br.pompia,E-Commerce (Retailer),57942,733660,31885,26057,44355,136963,6.75,00:00:42,00:04:49,2.63,mulheres,tres
123,Caedu,br.com.finners.marketpay.caedu,Coupons & Rewards,57818,780589,35243,22575,46227,289594,5.45,00:01:27,00:07:56,2.84,mulheres,tres
126,Kanui: Compre Tênis e Roupa de,br.com.kanui,E-Commerce (B2C),56211,9223761,13706,42505,125191,1163011,8.83,00:01:49,00:16:04,2.76,homens,tres
127,Gazin: Compras Online,com.b2capp,E-Commerce (Retailer),54639,565512,32970,21669,13416,102470,5.84,00:01:23,00:08:05,2.2,homens,dois
128,Facily: Compra Online e Oferta,com.facily,E-Commerce (C2C),53942,16878787,16771,37171,2851132,6971108,34.62,00:01:38,00:56:45,6.19,mulheres,Quatro
129,SEPHORA,latam.sephora.sephorabr,E-Commerce (Retailer),53016,215253,0,53016,29377,103706,19.35,00:00:51,00:16:45,4.16,mulheres,dois
130,Shopping List - SoftList,br.com.ridsoftware.shoppinglist,Other Shopping,51780,1722256,0,51780,184274,902662,34.99,00:01:26,00:50:30,4.21,mulheres,tres
131,Shopping List - Simple & Easy,com.icedblueberry.shoppinglisteasy,Other Shopping,48863,272696,18331,30532,48657,89446,15.23,00:00:55,00:14:03,3.89,mulheres,tres
132,Lojas Colombo,br.com.colombo.app,E-Commerce (Retailer),48745,646644,29149,19596,2097,129248,3.7,00:00:01,00:00:05,2.16,homens,unico
133,Minas Cap,com.minascap.app,E-Commerce (Retailer),48412,807217,21385,27027,44819,266935,7.42,00:02:11,00:16:12,3.64,homens,tres
136,Armazém PB: Compras Online,br.com.mobile.armazempb,E-Commerce (B2C),45316,869441,26182,19134,7402,75675,5.42,00:01:04,00:05:48,2.54,mulheres,unico
137,ZZ MALL,br.com.arezzoco.marketplacezz,E-Commerce (B2C),45284,478285,27564,17720,4284,65186,7.1,00:02:04,00:14:41,1.95,mulheres,unico
138,Compras Paraguai,br.com.mobileasy.comprasparaguai,Other Shopping,45231,1537374,26955,18276,51281,363991,9.23,00:01:18,00:12:01,3.33,homens,tres
139,App Romance,br.com.romancemoda.photobook,E-Commerce (C2C),44806,658810,26671,18135,7397,43098,12.61,00:00:39,00:08:18,3.27,mulheres,unico
140,Muni: ¡Ganar dinero extra!,com.muni.android,Other Shopping,43695,359806,28154,15541,18225,105467,15.14,00:01:05,00:16:34,2.72,homens,dois
141,Gira: Atacado de Roupas Online,com.canaldstak,Resell,41570,628184,0,41570,40937,74927,14.09,00:01:21,00:19:11,2.33,mulheres,tres
142,Multilaser: Loja Online,penseavanti.com.br.app2shop_multilaser,E-Commerce (Retailer),41400,191819,22319,19081,6602,176906,7.24,00:01:04,00:07:44,2.3,homens,unico
143,Ri Happy,br.com.rihappy.meusolzinho,E-Commerce (B2C),40957,190994,24288,16669,15966,114492,5.08,00:01:40,00:08:31,1.65,homens,dois
144,VirtusPay Boleto Parcelado,com.virtuspay.virtus_app_tomador,BNPL,40836,3252787,0,40836,82967,978631,7.15,00:00:48,00:05:47,1.77,homens,tres
145,Mimoo,dev.mimoo.mobile,E-Commerce (Retailer),40441,455503,23338,17103,41470,201005,22.93,00:01:01,00:23:32,3.86,mulheres,tres
147,DHgate-online wholesale stores,com.dhgate.buyermob,Other Shopping,40284,1006135,18589,21695,5635,184180,5.03,00:01:47,00:09:00,1.91,homens,unico
148,Pelando: promoções e cupons,com.tippingcanoe.pelando,Coupons & Rewards,39663,1595668,23470,16193,390751,1540408,59.23,00:00:51,00:50:28,10.14,homens,Quatro
149,Zee.Now - Pet Shop Delivery,br.com.zeenow.zeenow,E-Commerce (B2C),39305,539224,23309,15996,46660,317478,7.35,00:01:15,00:09:16,2.44,mulheres,tres
150,Gelt: Ganar dinero desde casa,com.mdfactory.gelt,Coupons & Rewards,37990,830400,132,37858,41720,328403,8.29,00:01:35,00:13:13,3.04,mulheres,tres
151,Carajás,carajas.carajas,E-Commerce (Retailer),37537,317611,19439,18098,11503,91055,8.4,00:02:45,00:23:08,3.12,mulheres,unico
152,FARFETCH — Designer Shopping,com.farfetch.farfetchshop,E-Commerce (Retailer),37136,534196,21861,15275,7112,104842,4.28,00:01:33,00:06:38,1.92,homens,unico
153,Aramis Loja de Roupa Masculina,com.mobfiq.aramis,E-Commerce (Retailer),36763,106151,15682,21081,9813,54063,3.86,00:02:04,00:08:02,1.42,homens,unico
154,FutFanatics,com.futfanatics,E-Commerce (Retailer),36618,678089,20659,15959,38114,242029,6.54,00:01:47,00:11:44,2.51,homens,dois
155,Grocery Shopping List Listonic,com.l,Coupons & Rewards,35277,854507,7236,28041,70193,432904,20.44,00:01:35,00:32:23,4.27,mulheres,tres
156,soccer jersey screen printing ,com.desinsablonjerseysepakbola.alularestu,E-Commerce (Retailer),34051,124952,0,34051,27115,27339,2.81,00:00:16,00:00:45,1.44,homens,dois
157,Funcional Card,br.com.funcional.beneficiario,E-Commerce (Retailer),33698,189779,0,33698,25672,170222,9.45,00:00:30,00:04:50,2.69,mulheres,dois
158,Vendah | Renda extra online,br.com.vendah.app,Resell,33478,89229,18620,14858,13155,21520,1,00:00:52,00:00:52,0.96,homens,unico
160,Babadotop: Moda e Beleza,com.mobfiq.babadotop,E-Commerce (Retailer),32826,234605,0,32826,4587,60181,21.89,00:03:47,01:22:52,4.92,mulheres,unico
162,Lojas Lebes,br.com.lebes.app,E-Commerce (Retailer),32142,458864,18300,13842,23046,83162,7.16,00:00:50,00:05:59,2.43,homens,dois
163,Dinerama: Cashback no Mercado,br.com.dinerama,Coupons & Rewards,31580,36325,21535,10045,83198,84782,7.57,00:00:46,00:05:54,4.15,mulheres,tres
164,"Buscar Rural - Comprar, vender",br.com.buscar.rural,Resell,31310,1213381,18009,13301,7270,78823,2.74,00:02:29,00:06:51,1.76,mulheres,unico
165,Martinello,com.martinello.martinello,E-Commerce (Retailer),30968,287490,18000,12968,10885,34940,10.42,00:01:03,00:11:02,2.92,homens,unico
169,Mateus App,com.ithappens.maismateus,E-Commerce (Retailer),29334,1625366,17004,12330,19958,133491,8.35,00:00:32,00:04:34,1.92,homens,dois
170,Avon Compras Online,com.avoncomprasonline,E-Commerce (Retailer),28784,84712,3136,25648,5230,12632,7.08,00:01:53,00:13:24,2.88,mulheres,unico
171,Megamania Cap,com.ideamaker.megamania,E-Commerce (B2C),28558,331662,16836,11722,45184,171803,10.35,00:00:57,00:09:54,4.1,mulheres,tres
172,DeMillus,br.com.demillus.www.portalrevendedora,E-Commerce (Retailer),27787,749347,15708,12079,46672,102053,10.72,00:02:29,00:26:44,3.77,mulheres,tres
173,Lojas Quero-Quero,br.com.queroquero.ecommerce,E-Commerce (Retailer),27717,408723,16445,11272,10841,44156,2.74,00:01:09,00:03:12,1.48,homens,unico
174,Kalunga,com.kalunga.app,E-Commerce (Retailer),26628,276349,0,26628,25806,273627,6.28,00:02:33,00:16:06,2.19,mulheres,dois
175,Bônuscred para Clientes,br.com.bonuscred,E-Commerce (Retailer),26301,274375,15231,11070,14714,40039,11.38,00:00:23,00:04:23,4.23,homens,dois
176,Feito,com.app.feito,Coupons & Rewards,26085,136229,15588,10497,16073,85037,3.11,00:01:00,00:03:06,1.76,homens,dois
178,AiHelper: Sales and Parcels,com.xyz.alihelper,E-Commerce (C2C),25768,347699,13637,12131,35466,322979,7.78,00:00:34,00:04:26,2.3,homens,dois
179,LightInTheBox Online Shopping,com.lightinthebox.android,E-Commerce (Retailer),25730,2073545,14653,11077,15171,92011,5.16,00:02:22,00:12:14,2.57,mulheres,dois
180,Soub!,com.b2w.soubarato,E-Commerce (B2C),24416,1861939,0,24416,83842,1005812,8.01,00:02:03,00:16:32,3.27,mulheres,tres
181,Nuvemshop: seu negócio em todo,com.nuvemshop.admin,E-Commerce (B2C),24348,264990,13954,10394,14551,106965,9.09,00:00:43,00:06:30,4.37,mulheres,dois
182,Atacadão Folhetos,com.nenedir.atacfolhetos,E-Commerce (Retailer),24306,78627,0,24306,2805,17750,7.95,00:00:44,00:05:49,4.32,homens,unico
183,Addi Shop,com.addimobile,BNPL,24246,79075,16228,8018,41736,43555,15.18,00:00:44,00:11:20,2.85,mulheres,tres
184,echope,br.com.echope,E-Commerce (Retailer),24160,156633,5076,19084,27712,84283,6.8,00:01:11,00:08:06,2.44,homens,dois
185,Império Móveis e Eletro,br.com.neomode.imperio,E-Commerce (Retailer),23726,468646,13739,9987,9573,58294,6.82,00:00:54,00:06:14,2.41,mulheres,unico
186,JBL PartyBox,com.jbl.partybox,E-Commerce (Retailer),23706,111702,12735,10971,5359,43272,10.49,00:01:29,00:15:44,2.61,homens,unico
188,Menor Preço Nota Gaúcha,br.gov.rs.procergs.mprs,Other Shopping,23328,133695,15079,8249,29395,181932,26.34,00:01:18,00:34:21,4.8,mulheres,dois
189,Meu Mundo Rommanel,br.com.rommanel.meumundo,E-Commerce (Retailer),23156,302105,12733,10423,10592,51834,19.55,00:00:39,00:12:47,3.41,mulheres,unico
191,ZINZANE,com.mobfiq.zinzane,E-Commerce (Retailer),21998,162365,13139,8859,30736,60225,10.36,00:03:53,00:40:22,2.96,mulheres,dois
194,Natal Cap,com.ideamaker.natalcap,E-Commerce (B2C),21289,112285,12256,9033,28769,91581,8.46,00:00:52,00:07:27,3.44,mulheres,dois
195,B4Waste,b4waste.alphacode.com.br,Other Shopping,21256,72716,6361,14895,40120,40592,3.47,00:01:59,00:06:55,1.93,mulheres,dois
196,Farmácias Nissei,com.inteliger.nissei,Pharmacy & Drugstore,21022,55212,11426,9596,13283,13656,3,00:00:39,00:01:59,0.96,mulheres,unico
197,Vip Leilões – Compre e Venda e,com.VipLeiloes,Resell,20890,137059,0,20890,6349,45135,10.96,00:00:56,00:10:21,1.71,homens,unico
198,Grupo Grazziotin,com.grazziotin,E-Commerce (Retailer),20718,201643,12750,7968,11445,98368,5.25,00:01:06,00:05:48,2.1,mulheres,unico
202,AppSales,net.tsapps.appsales,E-Commerce (C2C),19742,167462,0,19742,40662,159619,24.89,00:00:54,00:22:47,6.98,homens,dois
204,Cartão lojasmel,br.com.portaldocartao.cartaolojasmel,Pharmacy & Drugstore,19213,96627,11147,8066,21602,35991,7.3,00:01:45,00:12:52,2.62,mulheres,dois
205,Lojas Marabraz,com.app.marabraz,E-Commerce (Retailer),19149,247597,11318,7831,1337,62374,5.54,00:01:24,00:07:50,1.57,homens,unico
206,Lyst,com.lyst.lystapp,E-Commerce (Retailer),18800,18948,9994,8806,9332,10589,2.91,00:01:10,00:03:25,0.96,homens,unico
207,Minha Azul,br.com.azul.comunicacao,E-Commerce (Retailer),18643,84602,9359,9284,22365,36340,38.13,00:01:04,00:40:41,8.78,homens,dois
208,Moda Center,br.com.modacenter.appoficial,E-Commerce (B2C),18476,89243,0,18476,9047,26526,6.25,00:01:46,00:11:07,1.81,mulheres,unico
210,Hirota em Casa,hirotafood.vorticeportal.com.br,E-Commerce (Retailer),18337,124488,8292,10045,16372,207454,6.58,00:01:33,00:10:17,2.16,mulheres,dois
211,Magazine Médica,br.com.twa.magazinemedica,E-Commerce (Retailer),18221,18238,6855,11366,12388,13364,2.05,00:00:00,00:00:01,0.96,homens,unico
212,Star Ofertas,com.r3mobi.starsystem,Coupons & Rewards,18109,634592,0,18109,10546,118008,5.39,00:01:07,00:06:03,2.3,mulheres,unico
213,Cartão FestCard,br.com.conductor.siteportador.festcard.marketpay,E-Commerce (Retailer),18038,129007,11362,6676,15969,76261,4.77,00:00:45,00:03:37,1.97,mulheres,dois
215,Oba Hortifruti,com.oba.hortifruti.app,E-Commerce (Retailer),17636,151372,9551,8085,21143,162185,5.33,00:01:55,00:10:17,1.32,mulheres,dois
217,Westwing - Casa e Decoração,br.westwing.android,E-Commerce (Retailer),17324,945234,9809,7515,91643,269189,10.9,00:02:23,00:26:00,4.62,mulheres,tres
218,Gang App,br.com.gang.musicplayer,E-Commerce (Retailer),17261,23875,10783,6478,39252,145481,4.31,00:01:25,00:06:07,1.87,mulheres,dois
219,C&C Casa e Construção,br.com.cec,E-Commerce (Retailer),17110,77326,1069,16041,5926,51501,19.56,00:00:34,00:11:17,4.86,mulheres,unico
221,Mooca Plaza Shopping: Compras ,br.com.brmalls.customer.moocaplaza,E-Commerce (Retailer),16937,48528,9717,7220,31932,83332,8.68,00:02:02,00:17:46,2.71,homens,dois
226,Menor Preço Brasil,br.gov.rs.procergs.mpbr,Other Shopping,16012,76919,9016,6996,23388,120815,9.92,00:01:30,00:15:02,2.46,homens,dois
227,Etsy: Custom & Creative Goods,com.etsy.android,E-Commerce (C2C),15856,191374,8805,7051,28286,103913,12.27,00:04:00,00:49:15,4.37,mulheres,dois
228,Zeuss App,com.tarkuss.zeus,Coupons & Rewards,15065,123329,8892,6173,12595,102622,4.07,00:00:47,00:03:14,2.1,homens,unico
231,LG Suporte,com.lge.supportlg,E-Commerce (Retailer),14375,280485,7433,6942,160703,3894536,2.12,00:00:16,00:00:33,1.44,homens,tres
236,Peruzzo Mais,com.peruzzomais.izio,E-Commerce (Retailer),13359,82328,7765,5594,14055,60803,5.62,00:00:53,00:04:58,2.94,homens,dois
238,ROMWE - Ultimate Cyber Mall,com.romwe,E-Commerce (Retailer),13192,148144,7787,5405,5074,11779,25.35,00:03:58,01:40:39,7.78,mulheres,unico
240,Droper Sneakers & Streetwear,com.s9.cataloko,E-Commerce (C2C),13008,78886,7377,5631,19447,94667,26.64,00:01:06,00:29:18,4.87,mulheres,dois
241,Rio Vermelho Atacadista,com.VRSoft.G280,E-Commerce (Retailer),12439,46399,7456,4983,36127,37487,12.73,00:00:41,00:08:53,3.86,mulheres,dois
243,Lojas REDE,com.lojasrede.mobile,E-Commerce (Retailer),12118,256393,7151,4967,23903,83354,6.71,00:03:47,00:25:23,2.4,mulheres,dois
244,OMO Lavanderia,br.com.taqtile.omolavanderia,E-Commerce (Retailer),12107,67723,6912,5195,25181,32708,15.37,00:01:06,00:17:09,2.57,mulheres,dois
245,Uniodonto Campinas,br.com.uniodontocampinas.cliente,Pharmacy & Drugstore,12099,96442,6924,5175,5223,118935,7.92,00:00:37,00:04:53,2.32,mulheres,unico
246,Revista Eudora - Catálogo,com.maggapps.revistaeudora,E-Commerce (B2C),11917,41209,0,11917,6800,8283,8.09,00:00:49,00:06:39,1.66,mulheres,unico
247,NorteShopping,br.com.brmalls.customer.norteshopping,E-Commerce (B2C),11796,108428,6535,5261,17723,145171,12.18,00:00:47,00:09:41,4.08,mulheres,dois
249,Americanas Marketplace,com.b2wdigital.bonmarketplace,E-Commerce (C2C),11001,111967,5368,5633,9265,54542,37.07,00:01:04,00:39:48,6.76,mulheres,unico
250,Cornershop for Shoppers,com.cornershopapp.shopper.android,E-Commerce (B2C),10671,212509,6602,4069,7453,65093,47.92,00:01:20,01:04:27,2.86,homens,unico
253,Vivara,tellerina.com.br.vivara,E-Commerce (Retailer),9428,316848,5162,4266,7455,70454,4.3,00:02:24,00:10:20,1.83,homens,unico
255,Nosso Caetano,br.com.smcaetano.appcaetano,E-Commerce (Retailer),8013,69626,0,8013,20711,56595,8.3,00:01:08,00:09:31,4.09,homens,dois
256,Animale - Moda Feminina,br.com.animale,E-Commerce (Retailer),7847,179352,2327,5520,12402,40918,12.62,00:01:41,00:21:26,2.25,mulheres,unico
257,My Easy Shopping List,com.edujoy.shopping.list,Other Shopping,7598,368580,3037,4561,8096,80279,5.51,00:02:14,00:12:24,1.69,mulheres,unico
258,Plaza Shopping Niterói,br.com.brmalls.customer.plazaniteroi,E-Commerce (B2C),7539,63602,3938,3601,18614,87426,9.03,00:00:58,00:08:46,4.23,mulheres,dois
259,Consulta Remédios,com.consultaremedios,Pharmacy & Drugstore,7503,272025,4213,3290,18448,210944,5.91,00:01:16,00:07:30,2.09,homens,dois
260,Mangos: Cashback em Mercados,br.com.priced.mangos,Coupons & Rewards,7459,576891,4381,3078,28066,197878,14.41,00:00:50,00:12:15,3.49,homens,dois
261,Weverse Shop,co.benx.weply,E-Commerce (B2C),6734,137577,4263,2471,14060,111595,6.77,00:01:17,00:08:46,2.24,mulheres,dois
262,LG For You,com.lge.widgetpusherintegration,E-Commerce (B2C),6515,444883,0,6515,55005,4527164,1.99,00:00:25,00:00:51,1.28,homens,tres
263,PERFUMIST Perfumes Advisor,com.smartsoftasia.perfume,E-Commerce (Retailer),6494,68557,4264,2230,4832,25808,5.9,00:02:36,00:15:23,1.13,mulheres,unico
267,Lazada - Online Shopping App!,com.lazada.android,E-Commerce (C2C),6117,57533,3141,2976,8960,25562,11.56,00:01:55,00:22:12,3.06,mulheres,unico
268,Tiendamia. Del mundo a tu puer,com.tiendamia.android,E-Commerce (B2C),6084,675063,3932,2152,8250,366888,5.94,00:03:05,00:18:19,2.48,homens,unico
269,Buy cell phones for cheap,com.boulla.cellphone,E-Commerce (C2C),5990,55939,3458,2532,26035,26325,4.77,00:01:07,00:05:21,1.91,mulheres,dois
273,Smart Closet - Fashion Style,com.rkk.closet,E-Commerce (Retailer),5192,66096,3012,2180,4122,16086,4.35,00:00:13,00:00:57,1.04,mulheres,unico
278,Joom. Shopping for every day,com.joom,E-Commerce (B2C),4370,1182816,541,3829,6803,112252,7.8,00:01:01,00:08:01,2.47,mulheres,unico
279,Lidl - Offers & Leaflets,de.sec.mobile,E-Commerce (Retailer),4107,31144,2429,1678,3283,25432,3.32,00:00:58,00:03:13,1.56,mulheres,unico
281,AppNana - Gift Cards,com.appnana.android.giftcardrewards,Coupons & Rewards,3395,2254559,1951,1444,5460,31392,25.78,00:00:18,00:07:47,2.03,mulheres,unico
282,Xb Deals: Track Game Prices,com.xbox_deals.sales,Coupons & Rewards,3394,24656,0,3394,23192,31730,18.39,00:01:42,00:31:30,3.02,homens,dois
285,Wanna Kicks : AR sneakers try ,by.wanna.apps.wsneakers,E-Commerce (Retailer),3157,261826,1746,1411,15383,77343,4.24,00:01:47,00:07:36,1.38,mulheres,dois
286,"G2A - Games, Gift Cards & More",com.g2a.marketplace,E-Commerce (B2C),3087,429051,1805,1282,6437,8504,7.01,00:00:23,00:02:47,1.34,homens,unico
288,Fashion Nova,co.tapcart.app.npQt0DXZpj,E-Commerce (Retailer),3021,39771,1718,1303,2985,13137,9.48,00:02:24,00:22:54,4.5,homens,unico
294,淘宝,com.taobao.taobao,E-Commerce (C2C),1763,124719,1034,729,4448,34209,7.21,00:01:52,00:13:34,1.23,homens,unico
296,Zara Home,com.inditex.ecommerce.zarahome.android,E-Commerce (Retailer),1754,73301,876,878,6762,26066,5.53,00:00:42,00:03:54,2.85,mulheres,unico
303,Newchic - Fashion Online,com.newchic.client,E-Commerce (Retailer),1143,322309,575,568,2850,35335,8.03,00:01:59,00:16:01,3.47,homens,unico
306,Bershka: Fashion & trends,com.inditex.ecommerce.bershka,E-Commerce (Retailer),932,4549,552,380,3807,10937,2.14,00:01:17,00:02:46,1.28,mulheres,unico
313,"Super Revendedores: Vendas, Es",com.superrevendedores.app,E-Commerce (C2C),563,354954,189,374,15798,55535,15.47,00:02:00,00:31:09,3.76,mulheres,dois
316,Meu Paulistão,br.com.dmcard.paulistao,E-Commerce (Retailer),453,101626,237,216,12111,61746,6.09,00:00:45,00:04:38,3.2,mulheres,unico
320,Traderie,com.traderie,E-Commerce (C2C),351,3331,277,74,4321,8954,29.27,00:02:35,01:16:01,3.47,mulheres,unico
324,StockX- Access the Now,com.stockx.stockx,E-Commerce (C2C),248,26245,158,90,3246,24783,9.39,00:00:17,00:02:47,2.7,homens,unico
325,Lista de Compras - List,br.com.up.list,Other Shopping,242,8161,97,145,19675,19963,7.63,00:03:06,00:23:42,1.2,mulheres,dois
327,Babba - Baby Cry Translator,com.deeply.babba,Resell,226,3087,0,226,3761,6268,6.66,00:00:50,00:05:38,1.92,mulheres,unico
334,Food List Tracking & Shopping,com.chestersw.foodlist,Other Shopping,121,121,0,121,2620,18293,5.62,00:01:53,00:10:37,1.63,mulheres,unico
337,That Shopping List,de.markusliebschner.thatlist,Other Shopping,84,30513,0,84,17882,30466,8.15,00:01:22,00:11:10,1.65,mulheres,dois
338,Shopping list voice input PRO,com.tksolution.einkaufszettelmitspracheingabepro,Other Shopping,59,1906,0,59,3235,12963,10.3,00:00:34,00:05:52,3.47,mulheres,unico
339,Our Groceries Shopping List,com.headcode.ourgroceries,Other Shopping,51,5032,0,51,21275,23986,100.74,00:00:29,00:49:43,15.2,mulheres,dois
340,Louis Vuitton,com.vuitton.android,E-Commerce (Retailer),44,24488,22,22,2784,37543,3.91,00:01:46,00:06:54,1.5,mulheres,unico
341,Shopping list — Lister,com.DramaProductions.Einkaufen5,Other Shopping,20,10022,7,13,13254,13474,2.05,00:02:43,00:05:35,0.97,mulheres,unico
344,Menores Preços Dudu Rocha,com.influesolutions.influeassistant.dudurocha,E-Commerce (B2C),7,5374,3,4,3166,9052,4.17,00:00:24,00:01:41,1.98,homens,unico