Date,Aplicativo_Rank,Advertiser App Name,Advertiser App Package Name,Ad Platforms,Apps Seen In,Creatives,Paid Downloads,investimento_cpi,est_numero_anuncios
Jul 22,1,SHEIN-Fashion Shopping Online,com.zzkko,9,95,37731,4553276,10199338.24,3584445
Aug 22,1,SHEIN-Fashion Shopping Online,com.zzkko,7,445,46825,4553276,10199338.24,20837125
Sep 22,1,SHEIN-Fashion Shopping Online,com.zzkko,8,452,44788,4553276,10199338.24,20244176
Jul 22,2,Shopee: Compre de Tudo Online,com.shopee.br,14,3358,15836,4211815,9434465.6,53177288
Aug 22,2,Shopee: Compre de Tudo Online,com.shopee.br,15,4069,15786,4211815,9434465.6,64233234
Sep 22,2,Shopee: Compre de Tudo Online,com.shopee.br,15,4933,16304,4211815,9434465.6,80427632
Jul 22,5,Americanas: compras online,com.b2w.americanas,7,140,9968,1526138,3418549.12,1395520
Aug 22,5,Americanas: compras online,com.b2w.americanas,7,337,13877,1526138,3418549.12,4676549
Sep 22,5,Americanas: compras online,com.b2w.americanas,6,147,12049,1526138,3418549.12,1771203
Jul 22,4,Magalu: loja e compras online,com.luizalabs.mlapp,6,810,8404,1447766,3242995.84,6807240
Aug 22,4,Magalu: loja e compras online,com.luizalabs.mlapp,9,2466,22331,1447766,3242995.84,55068246
Sep 22,4,Magalu: loja e compras online,com.luizalabs.mlapp,9,1853,13902,1447766,3242995.84,25760406
Jul 22,6,Amazon Shopping,com.amazon.mShop.android.shopping,4,56,10159,1349183,3022169.92,568904
Aug 22,6,Amazon Shopping,com.amazon.mShop.android.shopping,4,184,6711,1349183,3022169.92,1234824
Sep 22,6,Amazon Shopping,com.amazon.mShop.android.shopping,4,203,6855,1349183,3022169.92,1391565
Jul 22,3,Mercado Libre: Compras Online,com.mercadolibre,5,47,4530,1284307,2876847.68,212910
Aug 22,3,Mercado Libre: Compras Online,com.mercadolibre,7,139,3892,1284307,2876847.68,540988
Sep 22,3,Mercado Libre: Compras Online,com.mercadolibre,6,660,3794,1284307,2876847.68,2504040
Jul 22,7,Casas Bahia: Compras Online,com.novapontocom.casasbahia,7,10,3746,1187070,2659036.8,37460
Aug 22,7,Casas Bahia: Compras Online,com.novapontocom.casasbahia,5,3,9925,1187070,2659036.8,29775
Sep 22,7,Casas Bahia: Compras Online,com.novapontocom.casasbahia,9,203,8800,1187070,2659036.8,1786400
Jul 22,8,AliExpress,com.alibaba.aliexpresshd,8,255,19423,1136938,2546741.12,4952865
Aug 22,8,AliExpress,com.alibaba.aliexpresshd,8,525,27573,1136938,2546741.12,14475825
Sep 22,8,AliExpress,com.alibaba.aliexpresshd,7,321,16846,1136938,2546741.12,5407566
Jul 22,9,OLX - Venda e Compra Online,com.schibsted.bomnegocio.androidApp,6,12,480,953558,2135969.92,5760
Aug 22,9,OLX - Venda e Compra Online,com.schibsted.bomnegocio.androidApp,6,27,758,953558,2135969.92,20466
Sep 22,9,OLX - Venda e Compra Online,com.schibsted.bomnegocio.androidApp,6,6,595,953558,2135969.92,3570
Jul 22,12,enjoei: comprar e vender roupa,br.com.enjoei.app,5,5,10184,665309,1490292.16,50920
Aug 22,12,enjoei: comprar e vender roupa,br.com.enjoei.app,6,12,7113,665309,1490292.16,85356
Sep 22,12,enjoei: comprar e vender roupa,br.com.enjoei.app,6,17,6409,665309,1490292.16,108953
Jul 22,11,MadeiraMadeira: compras online,br.com.madeiramadeira,1,1,1,661631,1482053.44,1
Sep 22,11,MadeiraMadeira: compras online,br.com.madeiramadeira,1,52,12,661631,1482053.44,624
Jul 22,13,Netshoes: Loja de Esportes,br.com.netshoes.app,4,2,6085,645128,1445086.72,12170
Aug 22,13,Netshoes: Loja de Esportes,br.com.netshoes.app,4,2,6656,645128,1445086.72,13312
Sep 22,13,Netshoes: Loja de Esportes,br.com.netshoes.app,8,28,6879,645128,1445086.72,192612
Jul 22,14,Alibaba.com - B2B marketplace,com.alibaba.intl.android.apps.poseidon,6,345,8260,568367,1273142.08,2849700
Aug 22,14,Alibaba.com - B2B marketplace,com.alibaba.intl.android.apps.poseidon,7,1452,10581,568367,1273142.08,15363612
Sep 22,14,Alibaba.com - B2B marketplace,com.alibaba.intl.android.apps.poseidon,7,2236,11436,568367,1273142.08,25570896
Jul 22,15,Ponto: Compra Online e Ofertas,com.sonyericsson.pontofrio,5,3,5151,530171,1187583.04,15453
Aug 22,15,Ponto: Compra Online e Ofertas,com.sonyericsson.pontofrio,4,2,5847,530171,1187583.04,11694
Sep 22,15,Ponto: Compra Online e Ofertas,com.sonyericsson.pontofrio,4,2,7731,530171,1187583.04,15462
Jul 22,10,O Boticário,com.boticario.mobile,5,13,403,472182,1057687.68,5239
Aug 22,10,O Boticário,com.boticario.mobile,3,3,1155,472182,1057687.68,3465
Sep 22,10,O Boticário,com.boticario.mobile,5,4,1516,472182,1057687.68,6064
Jul 22,18,Lojas Renner - Comprar Roupas,br.com.lojasrenner,6,41,10840,472161,1057640.64,444440
Aug 22,18,Lojas Renner - Comprar Roupas,br.com.lojasrenner,7,35,9053,472161,1057640.64,316855
Sep 22,18,Lojas Renner - Comprar Roupas,br.com.lojasrenner,6,67,10073,472161,1057640.64,674891
Jul 22,16,Zattini: Loja de roupas online,br.com.zattini,4,2,5447,464250,1039920,10894
Aug 22,16,Zattini: Loja de roupas online,br.com.zattini,2,2,6321,464250,1039920,12642
Sep 22,16,Zattini: Loja de roupas online,br.com.zattini,3,4,5959,464250,1039920,23836
Jul 22,19,Natura: perfumes e cosméticos,net.natura.semprepresente,4,2,2696,456969,1023610.56,5392
Aug 22,19,Natura: perfumes e cosméticos,net.natura.semprepresente,5,3,3140,456969,1023610.56,9420
Sep 22,19,Natura: perfumes e cosméticos,net.natura.semprepresente,5,3,2394,456969,1023610.56,7182
Jul 22,20,Época Cosméticos e Maquiagens,com.mobfiq.epocacosmeticos,5,35,1342,434230,972675.2,46970
Aug 22,20,Época Cosméticos e Maquiagens,com.mobfiq.epocacosmeticos,6,25,797,434230,972675.2,19925
Sep 22,20,Época Cosméticos e Maquiagens,com.mobfiq.epocacosmeticos,6,39,1622,434230,972675.2,63258
Jul 22,17,Shoptime: Compras online,com.b2w.shoptime,6,182,6348,425687,953538.88,1155336
Aug 22,17,Shoptime: Compras online,com.b2w.shoptime,3,210,6776,425687,953538.88,1422960
Sep 22,17,Shoptime: Compras online,com.b2w.shoptime,5,20,4640,425687,953538.88,92800
Jul 22,21,Centauro: loja de esportes,br.com.sbf.centauro,4,2,2979,395842,886686.08,5958
Aug 22,21,Centauro: loja de esportes,br.com.sbf.centauro,4,2,3304,395842,886686.08,6608
Sep 22,21,Centauro: loja de esportes,br.com.sbf.centauro,5,3,2852,395842,886686.08,8556
Jul 22,22,Riachuelo – Compre pelo app,br.com.riachuelo.app,4,458,5753,348921,781583.04,2634874
Aug 22,22,Riachuelo – Compre pelo app,br.com.riachuelo.app,4,115,3969,348921,781583.04,456435
Sep 22,22,Riachuelo – Compre pelo app,br.com.riachuelo.app,5,216,3635,348921,781583.04,785160
Jul 22,24,Drogasil: Drogaria Online 24h,br.com.drogasil,1,1,1,317581,711381.44,1
Aug 22,24,Drogasil: Drogaria Online 24h,br.com.drogasil,1,1,1,317581,711381.44,1
Sep 22,24,Drogasil: Drogaria Online 24h,br.com.drogasil,2,2,5,317581,711381.44,10
Jul 22,23,Wish: Shop And Save,com.contextlogic.wish,7,1676,11721,313465,702161.6,19644396
Aug 22,23,Wish: Shop And Save,com.contextlogic.wish,5,1957,3596,313465,702161.6,7037372
Sep 22,23,Wish: Shop And Save,com.contextlogic.wish,6,1338,1794,313465,702161.6,2400372
Sep 22,29,Cobasi,com.root.cobasi.Activities,1,1,1,309501,693282.24,1
Jul 22,30,Submarino: Compras Online,com.b2w.submarino,7,123,6252,303801,680514.24,768996
Aug 22,30,Submarino: Compras Online,com.b2w.submarino,7,69,5802,303801,680514.24,400338
Sep 22,30,Submarino: Compras Online,com.b2w.submarino,7,63,5734,303801,680514.24,361242
Jul 22,28,Droga Raia - Farmácia 24 horas,br.com.drogaraia,4,2,11,301049,674349.76,22
Aug 22,28,Droga Raia - Farmácia 24 horas,br.com.drogaraia,3,3,3,301049,674349.76,9
Sep 22,28,Droga Raia - Farmácia 24 horas,br.com.drogaraia,2,2,5,301049,674349.76,10
Jul 22,33,"Loja C&A: Roupas, Sapatos e +",br.com.cea.appb2c,5,146,6749,269321,603279.04,985354
Aug 22,33,"Loja C&A: Roupas, Sapatos e +",br.com.cea.appb2c,4,106,6564,269321,603279.04,695784
Sep 22,33,"Loja C&A: Roupas, Sapatos e +",br.com.cea.appb2c,6,17,4718,269321,603279.04,80206
Jul 22,32,Apcap da Sorte,br.com.apcapsp.app,2,2,59,259796,581943.04,118
Aug 22,32,Apcap da Sorte,br.com.apcapsp.app,3,16,77,259796,581943.04,1232
Sep 22,32,Apcap da Sorte,br.com.apcapsp.app,3,73,166,259796,581943.04,12118
Jul 22,35,Marisa: Moda e Comprar Roupas,br.com.marisa.android,4,2,5849,256559,574692.16,11698
Aug 22,35,Marisa: Moda e Comprar Roupas,br.com.marisa.android,4,2,6319,256559,574692.16,12638
Sep 22,35,Marisa: Moda e Comprar Roupas,br.com.marisa.android,4,2,5744,256559,574692.16,11488
Jul 22,34,Decathlon: Loja de Esportes,br.com.decathlon,3,12,518,245555,550043.2,6216
Aug 22,34,Decathlon: Loja de Esportes,br.com.decathlon,2,3,1886,245555,550043.2,5658
Sep 22,34,Decathlon: Loja de Esportes,br.com.decathlon,2,2,2444,245555,550043.2,4888
Jul 22,31,Extra: Loja Online e Ofertas,com.novapontocom.extra,5,5,4546,242617,543462.08,22730
Aug 22,31,Extra: Loja Online e Ofertas,com.novapontocom.extra,5,5,6541,242617,543462.08,32705
Sep 22,31,Extra: Loja Online e Ofertas,com.novapontocom.extra,5,3,8897,242617,543462.08,26691
Jul 22,37,Petz: Pet shop Online,br.com.petz,7,140,697,240942,539710.08,97580
Aug 22,37,Petz: Pet shop Online,br.com.petz,9,174,1051,240942,539710.08,182874
Sep 22,37,Petz: Pet shop Online,br.com.petz,7,145,846,240942,539710.08,122670
Jul 22,25,Beleza na Web: Cosméticos,br.com.belezanaweb.android,6,13,2211,232871,521631.04,28743
Aug 22,25,Beleza na Web: Cosméticos,br.com.belezanaweb.android,5,39,2477,232871,521631.04,96603
Sep 22,25,Beleza na Web: Cosméticos,br.com.belezanaweb.android,5,15,1210,232871,521631.04,18150
Jul 22,40,Urbanic - Fashion from London,com.urbanic.multis,4,42,22,206475,462504,924
Aug 22,40,Urbanic - Fashion from London,com.urbanic.multis,3,10,907,206475,462504,9070
Sep 22,40,Urbanic - Fashion from London,com.urbanic.multis,4,234,357,206475,462504,83538
Jul 22,46,adidas,com.adidas.app,5,3,15,170346,381575.04,45
Aug 22,46,adidas,com.adidas.app,5,4,39,170346,381575.04,156
Sep 22,46,adidas,com.adidas.app,5,3,27,170346,381575.04,81
Jul 22,50,Pão de Açúcar Mais,br.com.paodeacucarmais,2,2,15,164515,368513.6,30
Aug 22,50,Pão de Açúcar Mais,br.com.paodeacucarmais,4,2,127,164515,368513.6,254
Sep 22,50,Pão de Açúcar Mais,br.com.paodeacucarmais,4,22,75,164515,368513.6,1650
Jul 22,41,Livelo: juntar e trocar pontos,br.com.livelo.app,4,2,21,162496,363991.04,42
Aug 22,41,Livelo: juntar e trocar pontos,br.com.livelo.app,5,4,18,162496,363991.04,72
Sep 22,41,Livelo: juntar e trocar pontos,br.com.livelo.app,5,13,21,162496,363991.04,273
Jul 22,56,"Zoom: Compare preços, Cashback",com.zoom.zoomandroid,6,42,10301,150114,336255.36,432642
Aug 22,56,"Zoom: Compare preços, Cashback",com.zoom.zoomandroid,5,77,2592,150114,336255.36,199584
Sep 22,56,"Zoom: Compare preços, Cashback",com.zoom.zoomandroid,5,105,9805,150114,336255.36,1029525
Jul 22,45,Leroy Merlin Brasil,br.com.leroymerlin,1,1,1,145994,327026.56,1
Aug 22,45,Leroy Merlin Brasil,br.com.leroymerlin,1,2,2,145994,327026.56,4
Sep 22,45,Leroy Merlin Brasil,br.com.leroymerlin,1,21,25,145994,327026.56,525
Jul 22,60,Dotz: conta digital,br.com.dotz.dotzpay,5,4,87,144685,324094.4,348
Aug 22,60,Dotz: conta digital,br.com.dotz.dotzpay,5,4,54,144685,324094.4,216
Sep 22,60,Dotz: conta digital,br.com.dotz.dotzpay,4,2,69,144685,324094.4,138
Jul 22,38,Méliuz: Cashback e Cartão,br.com.meliuz,5,6,37,139883,313337.92,222
Aug 22,38,Méliuz: Cashback e Cartão,br.com.meliuz,5,5,161,139883,313337.92,805
Sep 22,38,Méliuz: Cashback e Cartão,br.com.meliuz,7,19,277,139883,313337.92,5263
Jul 22,63,Elo7: Produtos Personalizados,br.com.elo7.appbuyer,4,2,67,136861,306568.64,134
Aug 22,63,Elo7: Produtos Personalizados,br.com.elo7.appbuyer,4,2,66,136861,306568.64,132
Sep 22,63,Elo7: Produtos Personalizados,br.com.elo7.appbuyer,1,1,41,136861,306568.64,41
Jul 22,39,Tok&Stok: Móveis e Decoração,com.tokstok.app,5,4,28,135706,303981.44,112
Aug 22,39,Tok&Stok: Móveis e Decoração,com.tokstok.app,3,4,34,135706,303981.44,136
Sep 22,39,Tok&Stok: Móveis e Decoração,com.tokstok.app,3,7,105,135706,303981.44,735
Jul 22,59,Posthaus: 15% Extra só no App,br.com.supero.posthaus.site,5,4,661,133928,299998.72,2644
Aug 22,59,Posthaus: 15% Extra só no App,br.com.supero.posthaus.site,4,2,572,133928,299998.72,1144
Sep 22,59,Posthaus: 15% Extra só no App,br.com.supero.posthaus.site,1,1,357,133928,299998.72,357
Jul 22,62,"Buscapé: Menor preço, Cashback",br.com.buscape.MainPack,6,48,5755,126698,283803.52,276240
Aug 22,62,"Buscapé: Menor preço, Cashback",br.com.buscape.MainPack,6,59,3935,126698,283803.52,232165
Sep 22,62,"Buscapé: Menor preço, Cashback",br.com.buscape.MainPack,6,41,3864,126698,283803.52,158424
Jul 22,64,Petlove - O app do seu pet,br.com.petlove.petlove,5,5,3547,125865,281937.6,17735
Aug 22,64,Petlove - O app do seu pet,br.com.petlove.petlove,6,18,4535,125865,281937.6,81630
Sep 22,64,Petlove - O app do seu pet,br.com.petlove.petlove,5,12,5068,125865,281937.6,60816
Jul 22,55,Arezzo,br.com.arezzo,3,7,11,125676,281514.24,77
Aug 22,55,Arezzo,br.com.arezzo,2,2,8,125676,281514.24,16
Sep 22,55,Arezzo,br.com.arezzo,2,2,28,125676,281514.24,56
Aug 22,47,Stix,br.com.soustix.app,1,1,2,122439,274263.36,2
Jul 22,36,PatPat - Kids & Baby Clothing,com.interfocusllc.patpat,1,7,1,120723,270419.52,7
Aug 22,36,PatPat - Kids & Baby Clothing,com.interfocusllc.patpat,2,2,31,120723,270419.52,62
Sep 22,36,PatPat - Kids & Baby Clothing,com.interfocusllc.patpat,2,2,1,120723,270419.52,2
Jul 22,74,Camicado,br.com.camicado.mobile,4,2,1060,107319,240394.56,2120
Aug 22,74,Camicado,br.com.camicado.mobile,2,2,612,107319,240394.56,1224
Sep 22,74,Camicado,br.com.camicado.mobile,2,2,184,107319,240394.56,368
Jul 22,70,Fast Shop,br.com.fastshop.ecommerce.beta,6,7,303,103898,232731.52,2121
Aug 22,70,Fast Shop,br.com.fastshop.ecommerce.beta,5,6,874,103898,232731.52,5244
Sep 22,70,Fast Shop,br.com.fastshop.ecommerce.beta,5,6,852,103898,232731.52,5112
Jul 22,69,Polishop: Presentes de Natal,br.com.projetopolishop.mobile,2,2,9,101535,227438.4,18
Aug 22,69,Polishop: Presentes de Natal,br.com.projetopolishop.mobile,5,3,13,101535,227438.4,39
Sep 22,69,Polishop: Presentes de Natal,br.com.projetopolishop.mobile,2,2,2,101535,227438.4,4
Jul 22,81,KaBuM! Compre Online,br.com.kabum.webviewapp,4,2,7,88805,198923.2,14
Aug 22,81,KaBuM! Compre Online,br.com.kabum.webviewapp,4,2,11,88805,198923.2,22
Jul 22,57,CASA & VIDEO,com.root.casaevideov3.Activities,2,2,6,88638,198549.12,12
Aug 22,57,CASA & VIDEO,com.root.casaevideov3.Activities,2,2,29,88638,198549.12,58
Sep 22,57,CASA & VIDEO,com.root.casaevideov3.Activities,3,3,42,88638,198549.12,126
Jul 22,49,"Dafiti: roupas, sapatos, decor",br.com.dafiti,4,2,4631,80098,179419.52,9262
Aug 22,49,"Dafiti: roupas, sapatos, decor",br.com.dafiti,3,29,4791,80098,179419.52,138939
Sep 22,49,"Dafiti: roupas, sapatos, decor",br.com.dafiti,6,18,3510,80098,179419.52,63180
Aug 22,52,Cuponomia: Cupons e Cashback,com.cuponomia,2,2,3,79389,177831.36,6
Sep 22,52,Cuponomia: Cupons e Cashback,com.cuponomia,3,6,4,79389,177831.36,24
Jul 22,72,Promobit: Promoções e Cupons,br.com.promobit.app,2,2,33,74402,166660.48,66
Aug 22,72,Promobit: Promoções e Cupons,br.com.promobit.app,4,2,130,74402,166660.48,260
Sep 22,72,Promobit: Promoções e Cupons,br.com.promobit.app,4,2,128,74402,166660.48,256
Sep 22,83,Catálogos Hiroshima - HiroApp,com.hiro.hiroapp.hiroshimasd,1,1,2,73707,165103.68,2
Jul 22,90,Panvel Farmácia e Perfumaria,br.com.dimed.panvel,3,2,35,67584,151388.16,70
Aug 22,90,Panvel Farmácia e Perfumaria,br.com.dimed.panvel,5,5,30,67584,151388.16,150
Sep 22,90,Panvel Farmácia e Perfumaria,br.com.dimed.panvel,4,2,47,67584,151388.16,94
Jul 22,89,Clube Extra,br.com.clubeextra,3,2,4,66366,148659.84,8
Aug 22,89,Clube Extra,br.com.clubeextra,5,5,16,66366,148659.84,80
Sep 22,89,Clube Extra,br.com.clubeextra,2,9,9,66366,148659.84,81
Jul 22,82,Farmácias APP: Drogaria online,com.pharmacysa.farmaciasapp,4,2,15,65912,147642.88,30
Aug 22,82,Farmácias APP: Drogaria online,com.pharmacysa.farmaciasapp,4,2,34,65912,147642.88,68
Sep 22,82,Farmácias APP: Drogaria online,com.pharmacysa.farmaciasapp,4,2,20,65912,147642.88,40
Jul 22,92,Banggood - Online Shopping,com.banggood.client,5,92,4072,65106,145837.44,374624
Aug 22,92,Banggood - Online Shopping,com.banggood.client,6,25,4036,65106,145837.44,100900
Sep 22,92,Banggood - Online Shopping,com.banggood.client,7,18,3122,65106,145837.44,56196
Jul 22,98,AMARO: Comprar Moda e Beleza,amaro.amaroandroid,5,16,1075,59380,133011.2,17200
Aug 22,98,AMARO: Comprar Moda e Beleza,amaro.amaroandroid,5,151,1684,59380,133011.2,254284
Sep 22,98,AMARO: Comprar Moda e Beleza,amaro.amaroandroid,6,92,3086,59380,133011.2,283912
Aug 22,65,Loja do Mecânico,br.com.gurgelmix.lojadomecanico_app,2,6,4,58822,131761.28,24
Sep 22,65,Loja do Mecânico,br.com.gurgelmix.lojadomecanico_app,2,8,3,58822,131761.28,24
Jul 22,85,SCHUTZ,br.com.arezzo.schutz,6,24,36,57184,128092.16,864
Aug 22,85,SCHUTZ,br.com.arezzo.schutz,3,7,14,57184,128092.16,98
Sep 22,85,SCHUTZ,br.com.arezzo.schutz,4,59,74,57184,128092.16,4366
Jul 22,77,Multi: Descontos nos Shoppings,br.com.multiplan.mind.multishopping,2,2,2,56175,125832,4
Aug 22,77,Multi: Descontos nos Shoppings,br.com.multiplan.mind.multishopping,1,1,1,56175,125832,1
Jul 22,96,Tricae - Loja Online de Roupas,br.com.tricae,1,1,412,55303,123878.72,412
Aug 22,96,Tricae - Loja Online de Roupas,br.com.tricae,3,2,458,55303,123878.72,916
Sep 22,96,Tricae - Loja Online de Roupas,br.com.tricae,3,2,223,55303,123878.72,446
Jul 22,73,Singu - Delivery de beleza e b,br.com.singu,3,2,16,53337,119474.88,32
Aug 22,73,Singu - Delivery de beleza e b,br.com.singu,2,2,7,53337,119474.88,14
Sep 22,73,Singu - Delivery de beleza e b,br.com.singu,4,2,7,53337,119474.88,14
Jul 22,87,Lojas Torra - Compre online,br.com.app.torra,2,2,13,47428,106238.72,26
Aug 22,87,Lojas Torra - Compre online,br.com.app.torra,2,2,24,47428,106238.72,48
Sep 22,87,Lojas Torra - Compre online,br.com.app.torra,2,2,23,47428,106238.72,46
Jul 22,104,Made-in-China B2B Trade Online,com.madeinchina.b2b.trade,1,66,4,46299,103709.76,264
Aug 22,104,Made-in-China B2B Trade Online,com.madeinchina.b2b.trade,1,239,5,46299,103709.76,1195
Sep 22,104,Made-in-China B2B Trade Online,com.madeinchina.b2b.trade,1,118,4,46299,103709.76,472
Jul 22,101,eBay Shop: Buying & Selling,com.ebay.mobile,1,32,4,45770,102524.8,128
Aug 22,101,eBay Shop: Buying & Selling,com.ebay.mobile,1,60,4,45770,102524.8,240
Sep 22,101,eBay Shop: Buying & Selling,com.ebay.mobile,1,14,3,45770,102524.8,42
Aug 22,100,Anacapri,br.com.anacapri,3,8,11,42873,96035.52,88
Sep 22,100,Anacapri,br.com.anacapri,4,4,13,42873,96035.52,52
Sep 22,109,Sodimac: Hogar y Construcción,cl.sodimac,1,1,1,38758,86817.92,1
Jul 22,86,Tenda Atacado,com.root.tendadrive.Activities,1,1,1,37923,84947.52,1
Jul 22,113,iHerb,com.iherb,2,2,269,36673,82147.52,538
Aug 22,113,iHerb,com.iherb,2,3,542,36673,82147.52,1626
Sep 22,113,iHerb,com.iherb,2,6,537,36673,82147.52,3222
Jul 22,93,hibobi-Kids Fashion Online,com.hibobi.store,3,2,13,35774,80133.76,26
Aug 22,93,hibobi-Kids Fashion Online,com.hibobi.store,4,2,58,35774,80133.76,116
Sep 22,93,hibobi-Kids Fashion Online,com.hibobi.store,4,2,1001,35774,80133.76,2002
Sep 22,115,Drogaria Araujo,com.araujo.araujoapp,1,1,1,35698,79963.52,1
Jul 22,102,Mobly Decorações de M Maneiras,com.mobly,4,2,677,34707,77743.68,1354
Aug 22,102,Mobly Decorações de M Maneiras,com.mobly,4,2,781,34707,77743.68,1562
Sep 22,102,Mobly Decorações de M Maneiras,com.mobly,4,2,300,34707,77743.68,600
Aug 22,127,Gazin: Compras Online,com.b2capp,2,2,4,32970,73852.8,8
Sep 22,127,Gazin: Compras Online,com.b2capp,2,2,3,32970,73852.8,6
Jul 22,122,Lojas Pompéia – Moda Fashion,pompeia.com.br.pompia,1,1,1,31885,71422.4,1
Aug 22,122,Lojas Pompéia – Moda Fashion,pompeia.com.br.pompia,2,2,2,31885,71422.4,4
Jul 22,140,Muni: ¡Ganar dinero extra!,com.muni.android,2,2,5,28154,63064.96,10
Aug 22,140,Muni: ¡Ganar dinero extra!,com.muni.android,2,2,8,28154,63064.96,16
Sep 22,140,Muni: ¡Ganar dinero extra!,com.muni.android,3,6,17,28154,63064.96,102
Jul 22,137,ZZ MALL,br.com.arezzoco.marketplacezz,4,2,19,27564,61743.36,38
Aug 22,137,ZZ MALL,br.com.arezzoco.marketplacezz,4,2,9,27564,61743.36,18
Sep 22,137,ZZ MALL,br.com.arezzoco.marketplacezz,2,2,7,27564,61743.36,14
Jul 22,149,Zee.Now - Pet Shop Delivery,br.com.zeenow.zeenow,5,7,105,23309,52212.16,735
Aug 22,149,Zee.Now - Pet Shop Delivery,br.com.zeenow.zeenow,4,2,62,23309,52212.16,124
Sep 22,149,Zee.Now - Pet Shop Delivery,br.com.zeenow.zeenow,3,2,64,23309,52212.16,128
Jul 22,152,FARFETCH — Designer Shopping,com.farfetch.farfetchshop,2,2,907,21861,48968.64,1814
Aug 22,152,FARFETCH — Designer Shopping,com.farfetch.farfetchshop,2,2,514,21861,48968.64,1028
Sep 22,152,FARFETCH — Designer Shopping,com.farfetch.farfetchshop,3,4,288,21861,48968.64,1152
Jul 22,154,FutFanatics,com.futfanatics,2,2,6,20659,46276.16,12
Aug 22,154,FutFanatics,com.futfanatics,2,2,8,20659,46276.16,16
Sep 22,154,FutFanatics,com.futfanatics,3,3,8,20659,46276.16,24
Jul 22,147,DHgate-online wholesale stores,com.dhgate.buyermob,4,2,118,18589,41639.36,236
Aug 22,147,DHgate-online wholesale stores,com.dhgate.buyermob,4,2,92,18589,41639.36,184
Sep 22,147,DHgate-online wholesale stores,com.dhgate.buyermob,4,2,58,18589,41639.36,116
Jul 22,164,"Buscar Rural - Comprar, vender",br.com.buscar.rural,2,2,23,18009,40340.16,46
Aug 22,164,"Buscar Rural - Comprar, vender",br.com.buscar.rural,4,2,13,18009,40340.16,26
Sep 22,164,"Buscar Rural - Comprar, vender",br.com.buscar.rural,3,2,31,18009,40340.16,62
Jul 22,171,Megamania Cap,com.ideamaker.megamania,2,2,14,16836,37712.64,28
Aug 22,171,Megamania Cap,com.ideamaker.megamania,4,2,28,16836,37712.64,56
Sep 22,171,Megamania Cap,com.ideamaker.megamania,3,2,22,16836,37712.64,44
Jul 22,128,Facily: Compra Online e Oferta,com.facily,5,8,341,16771,37567.04,2728
Aug 22,128,Facily: Compra Online e Oferta,com.facily,5,3,640,16771,37567.04,1920
Sep 22,128,Facily: Compra Online e Oferta,com.facily,6,89,1628,16771,37567.04,144892
Jul 22,179,LightInTheBox Online Shopping,com.lightinthebox.android,2,2,2,14653,32822.72,4
Aug 22,179,LightInTheBox Online Shopping,com.lightinthebox.android,1,1,1,14653,32822.72,1
Sep 22,179,LightInTheBox Online Shopping,com.lightinthebox.android,2,7,8,14653,32822.72,56
Jul 22,126,Kanui: Compre Tênis e Roupa de,br.com.kanui,2,2,600,13706,30701.44,1200
Aug 22,126,Kanui: Compre Tênis e Roupa de,br.com.kanui,2,2,584,13706,30701.44,1168
Sep 22,126,Kanui: Compre Tênis e Roupa de,br.com.kanui,2,2,265,13706,30701.44,530
Jul 22,178,AiHelper: Sales and Parcels,com.xyz.alihelper,2,2,85,13637,30546.88,170
Aug 22,178,AiHelper: Sales and Parcels,com.xyz.alihelper,5,3,164,13637,30546.88,492
Sep 22,178,AiHelper: Sales and Parcels,com.xyz.alihelper,2,2,153,13637,30546.88,306
Jul 22,194,Natal Cap,com.ideamaker.natalcap,4,2,26,12256,27453.44,52
Aug 22,194,Natal Cap,com.ideamaker.natalcap,1,1,28,12256,27453.44,28
Sep 22,194,Natal Cap,com.ideamaker.natalcap,2,2,11,12256,27453.44,22
Jul 22,217,Westwing - Casa e Decoração,br.westwing.android,2,2,3,9809,21972.16,6
Jul 22,238,ROMWE - Ultimate Cyber Mall,com.romwe,2,5,2,7787,17442.88,10
Aug 22,238,ROMWE - Ultimate Cyber Mall,com.romwe,1,35,23,7787,17442.88,805
Sep 22,238,ROMWE - Ultimate Cyber Mall,com.romwe,1,1,2,7787,17442.88,2
Jul 22,240,Droper Sneakers & Streetwear,com.s9.cataloko,1,1,2,7377,16524.48,2
Aug 22,240,Droper Sneakers & Streetwear,com.s9.cataloko,1,1,11,7377,16524.48,11
Sep 22,240,Droper Sneakers & Streetwear,com.s9.cataloko,1,1,2,7377,16524.48,2
Jul 22,76,Privalia: Maior Outlet Online,com.privalia.br,6,6,534,7150,16016,3204
Aug 22,76,Privalia: Maior Outlet Online,com.privalia.br,4,2,184,7150,16016,368
Sep 22,76,Privalia: Maior Outlet Online,com.privalia.br,4,2,139,7150,16016,278
Jul 22,244,OMO Lavanderia,br.com.taqtile.omolavanderia,2,2,16,6912,15482.88,32
Aug 22,244,OMO Lavanderia,br.com.taqtile.omolavanderia,2,2,17,6912,15482.88,34
Sep 22,244,OMO Lavanderia,br.com.taqtile.omolavanderia,2,2,47,6912,15482.88,94
Jul 22,195,B4Waste,b4waste.alphacode.com.br,2,2,3,6361,14248.64,6
Aug 22,195,B4Waste,b4waste.alphacode.com.br,2,2,2,6361,14248.64,4
Sep 22,195,B4Waste,b4waste.alphacode.com.br,2,2,3,6361,14248.64,6
Jul 22,184,echope,br.com.echope,1,1,1,5076,11370.24,1
Jul 22,260,Mangos: Cashback em Mercados,br.com.priced.mangos,1,1,3,4381,9813.44,3
Aug 22,260,Mangos: Cashback em Mercados,br.com.priced.mangos,2,2,18,4381,9813.44,36
Aug 22,268,Tiendamia. Del mundo a tu puer,com.tiendamia.android,1,3,1,3932,8807.68,3
Jul 22,269,Buy cell phones for cheap,com.boulla.cellphone,1,1,2,3458,7745.92,2
Aug 22,269,Buy cell phones for cheap,com.boulla.cellphone,1,1,4,3458,7745.92,4
Sep 22,269,Buy cell phones for cheap,com.boulla.cellphone,1,1,2,3458,7745.92,2
Jul 22,267,Lazada - Online Shopping App!,com.lazada.android,1,34,6,3141,7035.84,204
Aug 22,267,Lazada - Online Shopping App!,com.lazada.android,1,43,6,3141,7035.84,258
Sep 22,267,Lazada - Online Shopping App!,com.lazada.android,1,29,6,3141,7035.84,174
Jul 22,271,ZAFUL - My Fashion Story,com.zaful,1,1,2,3080,6899.2,2
Jul 22,257,My Easy Shopping List,com.edujoy.shopping.list,1,1,1,3037,6802.88,1
Sep 22,256,Animale - Moda Feminina,br.com.animale,1,1,4,2327,5212.48,4
Jul 22,285,Wanna Kicks : AR sneakers try ,by.wanna.apps.wsneakers,2,2,8,1746,3911.04,16
Aug 22,285,Wanna Kicks : AR sneakers try ,by.wanna.apps.wsneakers,2,2,8,1746,3911.04,16
Sep 22,285,Wanna Kicks : AR sneakers try ,by.wanna.apps.wsneakers,2,2,8,1746,3911.04,16
Jul 22,99,Novo Mundo,com.kobe.novoMundo,4,2,4,1331,2981.44,8
Aug 22,99,Novo Mundo,com.kobe.novoMundo,5,8,7,1331,2981.44,56
Sep 22,219,C&C Casa e Construção,br.com.cec,1,1,1,1069,2394.56,1
Jul 22,303,Newchic - Fashion Online,com.newchic.client,3,2,17,575,1288,34
Aug 22,303,Newchic - Fashion Online,com.newchic.client,4,2,42,575,1288,84
Sep 22,303,Newchic - Fashion Online,com.newchic.client,2,2,8,575,1288,16
Jul 22,278,Joom. Shopping for every day,com.joom,6,41,850,541,1211.84,34850
Aug 22,278,Joom. Shopping for every day,com.joom,3,81,7,541,1211.84,567
Sep 22,278,Joom. Shopping for every day,com.joom,3,32,6,541,1211.84,192
Jul 22,313,"Super Revendedores: Vendas, Es",com.superrevendedores.app,1,1,6,189,423.36,6
Aug 22,313,"Super Revendedores: Vendas, Es",com.superrevendedores.app,1,1,8,189,423.36,8
Sep 22,313,"Super Revendedores: Vendas, Es",com.superrevendedores.app,1,1,6,189,423.36,6
Jul 22,150,Gelt: Ganar dinero desde casa,com.mdfactory.gelt,3,7,18,132,295.68,126
Aug 22,150,Gelt: Ganar dinero desde casa,com.mdfactory.gelt,4,10,37,132,295.68,370
Sep 22,150,Gelt: Ganar dinero desde casa,com.mdfactory.gelt,4,20,36,132,295.68,720
Jul 22,44,Revendedor O Boticário,br.com.grupoboticario.boticariorepresentante,1,1,1,0,0,1
Jul 22,144,VirtusPay Boleto Parcelado,com.virtuspay.virtus_app_tomador,1,7,4,0,0,28
Aug 22,44,Revendedor O Boticário,br.com.grupoboticario.boticariorepresentante,2,2,3,0,0,6
Aug 22,116,Hering,br.com.hering,2,5,4,0,0,20
Aug 22,144,VirtusPay Boleto Parcelado,com.virtuspay.virtus_app_tomador,1,10,11,0,0,110
Sep 22,44,Revendedor O Boticário,br.com.grupoboticario.boticariorepresentante,2,2,2,0,0,4
Sep 22,144,VirtusPay Boleto Parcelado,com.virtuspay.virtus_app_tomador,2,58,18,0,0,1044
Sep 22,116,Hering,br.com.hering,1,1,1,0,0,1